#,USER,DESIGN NAME,EXPRESSION,EXPRESSION #,SEQUENCE,BINDING?,REPLICATES,Kd - Mean,Kon - Mean,Koff - Mean,plddt,pae_interaction,model_names,methods
0,,Cetuximab_scFv,Low,1,QVQLKQSGPGLVQPSQSLSITCTVSGFSLTNYGVHWVRQSPGKGLEWLGVIWSGGNTDYNTPFTSRLSINKDNSKSQVFFKMNSLQSNDTAIYYCARALTYYDYEFAYWGQGTLVTVSAGGGGSGGGGSGGGGSDILLTQSPVILSVSPGERVSFSCRASQSIGTNIHWYQQRTNGSPRLLIKYASESISGIPSRFSGSGSGTDFTLSINSVESEDIADYYCQQNNNWPTTFGAGTKLELK,TRUE,2,6.64E-09,9.48E+05,4.42E-03,,,,
1,ahmedsameh,ahmedsameh-Q3,Medium,2,WVQLQESGGGLVQPGGSLRLSCAASGRTFSSYAMGWFRQAPGKQREFVAAIRWSGGYTYYTDSVKGRFTISRDNAKTTVYLQMNSLKPEDTAVYYCAATYLSSDYSRYALPQRPLDYDYWGQGTQVTVSSLE,TRUE,2,3.69E-08,1.08E+05,3.76E-03,77.84045455,28.21794229,"[""Rosetta""]","[""Physics Based""]"
2,ahmedsameh,ahmedsameh-yy2,Medium,2,QVQLQESGGGLVQPGGSLRLSCAASGRTFSSHAMGWFRQAPGKQREFVAAIRWSGGYTYYTDSVKGRFTISRDNAKTTVYLQMNSLKPEDTAVYYCAATYLSSDYSRYALPQRPLDYDYWGQGTQVTVSSLE,TRUE,2,6.28E-08,1.09E+05,6.83E-03,77.28893939,28.17706973,"[""Rosetta""]","[""Physics Based""]"
3,martin.pacesa+lennart.nickel,martin.pacesa-EGFR_l138_s90285_mpnn2,High,3,SPFDLFLDRLPEQDPEMTEEGKWWAEEMKRMVGPHFEELEEYIRNNASGEELETQLWTFLIIFDSMSKIVKRYASEETRKLLDELVKKIEEAIREAEEKAKSEEEKKELMRKVGIEVIKTLAELAEVDYKVPGIDYSF,TRUE,3,4.91E-07,1.86E+04,9.08E-03,88.65355072,16.87878159,"[""AF2 Backprop""]","[""Hallucination""]"
4,x.rustamov,x.rustamov-m_18_41,High,3,SAGQAQIEEVKARADKAKTLEELKELRKEAYEKNWKAYMAVVDETEKKIAEAKATGKGDLDKISEEGNNALQANQNTYLEQWDIIDEKAKELRAAEEAAK,TRUE,2,4.77E-06,--,--,89.5806,14.92183277,"[""AF2 Backprop""]","[""Hallucination""]"
5,adrian.tripp,adrian.tripp-egfr_cetuxi_0133_0002_A,High,3,MAKLIIANSEEALKEYLEKLGEEAKDYEKVVVPLGDGSVVQSAQNAVNVVIDFVKKNPNSEIIIVIEIKSDRDVIFAAAFLYELEFAINTYGFEGVEITIHIYAQSVEQQNYLKEIAEDVLSRITQPVKKLTIIIYGPEGVEDTVLTKTS,TRUE,3,2.29E-05,--,--,90.53593333,16.08637085,[],[]
6,alecl,alecl-Sequence1,High,3,SVDEECPASYEGFCQNDGTCLYLEKLDRYACRCREGYIGERCEFRDLDYWLEQ,Weak,2,>1.00e-5,--,--,84.86226415,9.206467049,"[""ProteinMPNN""]","[""Diversified Binder""]"
7,alan.blakely,alan.blakely-design:5 n:6|mpnn:1.247|plddt:0.825|ptm:0.709|pae:10.151|rmsd:3.535,High,3,DSECPLSHDGYCLHDGVCMYIEALDKYACNCVVGYIGERCQYRDLKWWENLEERLKEHRAKRLALLGPGPPGVVEKEKYKVSITEKVNPGGPATMPMTLTDSNGNKTTLTITVTPEGLEAIRKRRAGEKVKYTMTSTDTGDKFVLVDLDGYCLHDGVCMYIEALDKYACNCVVGYIGERCQYRDLK,Weak,2,>1.00e-5,--,--,49.14010753,21.43117288,[],[]
8,alex.naka,alex.naka-158511,Medium,2,PSFSACPSNYDGVCCNGGVCHLAESLTSYTCQCILGYSGHRVQTFDLRYT,FALSE,3,--,--,--,92.5664,7.562282126,"[""Custom (Active Learning)""]","[""Optimized Binder""]"
9,alex.naka,alex.naka-dda1c8,Medium,2,PSFSACPSNYDGVCCNGGVCHLAESLTSYTCQCIIGYSGDRVQTFDLRYT,FALSE,2,--,--,--,92.4346,7.596206119,"[""Custom (Active Learning)""]","[""Optimized Binder""]"
10,alex.naka,alex.naka-06b390,Medium,2,PSFSACPSNYDGVCGNGGVCHLAESLTSYTCQCVIGYSGDRVQTFDLRYT,FALSE,2,--,--,--,92.2864,7.685386634,"[""Custom (Active Learning)""]","[""Optimized Binder""]"
11,alex.naka,alex.naka-af805e,Medium,2,PSYSACPVRYDGFCGNGGVCKHIESLDSYTCQCVIGYSGHREQTYDLRST,FALSE,3,--,--,--,90.8804,7.919134944,"[""Custom (Active Learning)""]","[""Optimized Binder""]"
12,alex.naka,alex.naka-36550b,Medium,2,PFYSACPSSYDGYCGNGGVCMHIQSLDSYTCQCYIGYSGPRVQTRDLRTT,FALSE,3,--,--,--,90.6304,7.997225765,"[""Custom (Active Learning)""]","[""Optimized Binder""]"
13,alex.naka,alex.naka-aa2c76,High,3,PSYSACPSSYDGYCGNGGVCKHIESLDSYTCQCVIGCSGDRDQTADLRYT,FALSE,2,--,--,--,90.827,8.043052335,"[""Custom (Active Learning)""]","[""Optimized Binder""]"
14,alex.naka,alex.naka-e50198,Medium,2,PKFSACCSNYDGVCCNGGVCHLAEELTSYTCQCIIGYSGDRVQTFDLRYT,FALSE,3,--,--,--,90.1056,8.066495652,"[""Custom (Active Learning)""]","[""Optimized Binder""]"
15,alex.naka,alex.naka-8a700d,Medium,2,NCYSACNSSYAGYCLESGVCQHICSMDSYTCHCVIGYSGDRTQTHDLRHS,FALSE,2,--,--,--,90.8508,8.092050564,"[""Custom (Active Learning)""]","[""Optimized Binder""]"
16,alex.naka,alex.naka-233236,High,3,PSYSACPSCYDGVCGNGGVCKHAQSLDSYTCKCYIGYIGDRVQTRDLRYY,FALSE,2,--,--,--,89.8898,8.10569372,"[""Custom (Active Learning)""]","[""Optimized Binder""]"
17,alex.naka,alex.naka-65bf78,Low,1,ISYSACPLSYDGVCGNGGVCKHALSLDSDTCQCVWDYMGDRVQTEDLRYT,FALSE,2,--,--,--,89.0892,8.426439775,"[""Custom (Active Learning)""]","[""Optimized Binder""]"
18,alecl,alecl-Sequence5,None,0,HTERQCPSSYDGYCKNDGVCQFLEALSEYACTCTTGYIGERCEFADLQFWLRE,Unknown,3,--,--,--,86.46264151,9.042514964,"[""ProteinMPNN""]","[""Diversified Binder""]"
19,alecl,alecl-Sequence4,High,3,TEQQQCPSSFHGFCQNDGRCLYLQALDRYACQCTEGYIGERCELKDLLYHLRL,FALSE,2,--,--,--,85.86132075,9.047251694,"[""ProteinMPNN""]","[""Diversified Binder""]"
20,alecl,alecl-Sequence3,High,3,GDTKSCPASYEGFCQHQGECRYIAALDEYACQCQTGFIGERCQYRDLDYWERI,FALSE,3,--,--,--,85.75283019,9.098681676,"[""ProteinMPNN""]","[""Diversified Binder""]"
21,alecl,alecl-Sequence6,Low,1,GSLKRCPLSYHGYCLNDGVCQYIAALHRYACNCRTGYIGERCEYRDLLYWRQQ,FALSE,2,--,--,--,85.18509434,9.163121259,"[""ProteinMPNN""]","[""Diversified Binder""]"
22,alecl,alecl-Sequence2,High,3,KTTVQCPDSYEGFCLNNGRCLYIEALDRFACECETGYIGERCEYRDLLFWRRT,FALSE,2,--,--,--,84.04981132,9.258403215,"[""ProteinMPNN""]","[""Diversified Binder""]"
23,alecl,alecl-Sequence10,High,3,EINEECPWSFSGYCQNEGVCLFLEKTNRYACQCQNGYIGERCEWRDLQYWRSL,FALSE,2,--,--,--,84.45433962,9.333907423,"[""ProteinMPNN""]","[""Diversified Binder""]"
24,alecl,alecl-Sequence7,High,3,HHHHHCPASYDGFCHNDGTCLFIAATNRYACRCTEGYIGKRCEFKDLDFWLRQ,FALSE,3,--,--,--,84.40792453,9.430105126,"[""ProteinMPNN""]","[""Diversified Binder""]"
25,alecl,alecl-Sequence8,High,3,SKNIQCPESYEGFCKNEGTCLYLEKINKYACRCTTGWIGEHCELADLDYWLKL,FALSE,2,--,--,--,83.44641509,9.575018078,"[""ProteinMPNN""]","[""Diversified Binder""]"
26,alecl,alecl-Sequence9,High,3,DVDVDCPASYEGFCMHDGTCVYLEDLDKTACTCQKGFIGERCEYKDLDYHREL,FALSE,2,--,--,--,83.37490566,9.775479902,"[""ProteinMPNN""]","[""Diversified Binder""]"
27,gitter,gitter-yolo1,Low,1,HAQTQAAVDYDGYCLHDGVCMYIEALDKYACNCVVGYIGERCQYRDLKWWELR,FALSE,2,--,--,--,81.17169811,10.06017668,[],[]
28,nasr.kaveh,nasr.kaveh-ZistRayaneshDesign-01,High,3,AELQQKIKDATAKAIAAAKAGDSDGVVAASSDIVTYSIELGDYAAGYNALKEVMEAAKDNDPLALSIIRQMGKSLRLLAN,FALSE,2,--,--,--,88.214875,10.08447876,"[""RFdiffusion"", ""ProteinMPNN""]","[""De Novo""]"
29,nasr.kaveh,nasr.kaveh-ZistRayaneshDesign-03,Low,1,GALDAQIAAATAKAIAAAKAGDSDGVVAAASDVVTYAEAKGDYAAGYAALTEIGKAAKNVDPLALNIIREMGKSLRLRAL,FALSE,2,--,--,--,86.94825,10.60955566,"[""RFdiffusion"", ""ProteinMPNN""]","[""De Novo""]"
30,qiuzhen.li,qiuzhen.li-Seq6,Medium,2,GRGAILAEKEAIWNRDV,FALSE,2,--,--,--,77.61470588,10.64213034,[],[]
31,nasr.kaveh,nasr.kaveh-ZistRayaneshDesign-08,None,0,DALRQQIAAATAAAIAAAKAGDSDGVVAASADVVTYAEALGDYALGYEALTEVGKAAKDNDPEALAIIRQMAKSLRLRAL,Unknown,2,--,--,--,86.53825,11.49110638,"[""RFdiffusion"", ""ProteinMPNN""]","[""De Novo""]"
32,nasr.kaveh,nasr.kaveh-ZistRayaneshDesign-07,Medium,2,AALKAKVEALVDKAIAAAKAGDFDAALKYAEDALLAAEAAGDGELAEEAVKRIIEAVPSLPQYYKDLLRAFAERVKSKAA,FALSE,2,--,--,--,89.82725,11.88339583,"[""RFdiffusion"", ""ProteinMPNN""]","[""De Novo""]"
33,x.rustamov,x.rustamov-m_11_0,High,3,KAALDEFIEQFKSFMSEFKKLSEEDIEDYKKQLKEAGKEVTEEDIKKKEEEIKETAKSIAELYIETFGKLARHYAKKSGLPEEVAEKLTEEFGKIAYESI,FALSE,2,--,--,--,85.7812,12.10711916,"[""AF2 Backprop""]","[""Hallucination""]"
34,qiuzhen.li,qiuzhen.li-Seq5,High,3,WNPRAEAQAIFDCALNDCY,FALSE,2,--,--,--,75.17526316,12.25908848,[],[]
35,nasr.kaveh,nasr.kaveh-ZistRayaneshDesign-04,Medium,2,GALQKQIEAATAKAIEAAKAGDSQGVIAASSDIVTYSIELGDYKAGYDALTKVKEAAKNIDQNALNIITQMGKSLRLRAL,FALSE,2,--,--,--,84.63775,12.41338738,"[""RFdiffusion"", ""ProteinMPNN""]","[""De Novo""]"
36,qiuzhen.li,qiuzhen.li-Seq4,High,3,WNPRAEAQARFDCALNDCW,FALSE,2,--,--,--,73.49052632,12.45297907,[],[]
37,jj700physics,jj700physics-model2,High,3,KAVSITKCSAHASDMNGYCLHGRCIYLAKDMSNNYCRAHCEVGYTGVRCEHFKFL,FALSE,2,--,--,--,70.79236364,12.78826731,"[""Molecular Dynamics""]","[""Physics Based""]"
38,nickboyd,nickboyd-Domain1_Seq5,High,3,MSIEETAKKIKEELGVSEEVARAAAIQAGGDYELAKELAKSLA,FALSE,3,--,--,--,79.1755814,12.86510074,[],[]
39,nickboyd,nickboyd-Domain1_Seq2,High,3,MSAAEIAEEIKKKLNVSSELAGQAVIESGGDLEKALEIAKKKL,FALSE,2,--,--,--,86.85534884,12.94032337,[],[]
40,nickboyd,nickboyd-Domain1_Seq4,Low,1,MDYGPLADLLMEKLNVSREVALKAAKEAGGNGEEALKIAKELK,FALSE,3,--,--,--,85.3644186,13.31092256,[],[]
41,nickboyd,nickboyd-Domain1_Seq1,High,3,MSAAEIAEEIKKELKCSSEVAGEAVVESGGDYEKALELAKKKL,FALSE,2,--,--,--,86.36488372,13.32258229,[],[]
42,nickboyd,nickboyd-Domain1_Seq3,High,3,DIYEAIADILMEKYNVSREVALKAAKEAGGNYEKAEELVKKSL,FALSE,2,--,--,--,88.52744186,13.45257237,[],[]
43,zalavi,zalavi-egfr_binder8,High,3,IDEKKKEEYESLATELNAQAKALKAQADATGSQTYANFATAASDAAKYYEAKAKEL,FALSE,2,--,--,--,85.58875,13.61199678,"[""RFdiffusion"", ""ProteinMPNN""]","[""Diversified Binder""]"
44,aqamar,aqamar-seq8,None,0,SLERLLAVVFEALAKKIAEEGIKKAKEALGNPEEAKKIKEETLKALEKLAELALKASPLAGAAVLQVRIQAELELDKLVEEAKKA,Unknown,3,--,--,--,92.51941176,13.75950573,[],[]
45,zalavi,zalavi-egfr_binder3,High,3,SEEAKELKEKAKEKLKEALEKAKEALKDAEKAAEILKKIPEAKEALELAKKAAELIKEAIKDLEAALKTEDPKEAAKLAEKAEKLLFEAAAYLISAAEILEELAKKNKEHKEELLEAQKLLLRAASNAGEAAVLAAEAAKLYKKAIELEE,FALSE,2,--,--,--,94.20773333,13.78042018,"[""RFdiffusion"", ""ProteinMPNN""]","[""Diversified Binder""]"
46,nasr.kaveh,nasr.kaveh-ZistRayaneshDesign-02,Medium,2,GPAREEIERHTALALEACEAGDADGALNHALKADLLAKAAGDYALGLAAHKRIAAECKNLTPLTRSFLRSRAQIHEAKAS,FALSE,2,--,--,--,79.7575,13.81964946,"[""RFdiffusion"", ""ProteinMPNN""]","[""De Novo""]"
47,freddie.martin,freddie.martin-FJOM_8,None,0,AKEQLKANAKETEELLNKANDALIDLARRVAEADGLVGSHLYLFALAFTAFADSLTNALLAYADGDVAAMQEHCRKAAQALRAAAEEVRAMARASGHEELGAEAVAALEAAAAHLEAAAADPSAFLEHLAAALEEIGRALRLVAELAGAASGDAAFAAAVKAAIEENVKAALEKIKA,Unknown,2,--,--,--,85.8560452,13.90893274,"[""RFdiffusion"", ""ProteinMPNN""]","[""Diversified Binder""]"
48,salireza111,salireza111-sewing1,High,3,MAAKRAACVCDKPACVCHSGYVGARCEHADLLA,FALSE,2,--,--,--,61.42636364,13.92040306,"[""ProteinMPNN""]","[""Diversified Binder""]"
49,x.rustamov,x.rustamov-s_11_5,High,3,MPELEAFKEEFEKFMKEFKKLSEEDIKDFKENLKKKGKPVTEEDIEKKKKEIEDTAKDIADLYVHNFGLLARYIAKRTGAPEEVAEKLTEEFKEIALSLI,FALSE,2,--,--,--,83.292,13.9365153,"[""AF2 Backprop""]","[""Hallucination""]"
50,surabhi.lata,surabhi.lata-Design_09,High,3,SAEDLEKALEAAEKALEAAEKALKAIKAGDADKAKEYLLEATAYLLEAVAHLARDPALAALAREVDALADEAVKLFQAAIDLLEAGGDKKEAIALAEKGLAKVKEILKRIEKAAKA,FALSE,2,--,--,--,87.28310345,13.9888056,[],[]
51,salireza111,salireza111-mini_44_,High,3,SELDEKVAKALAEFNALRAA,FALSE,2,--,--,--,73.3595,14.39114493,"[""ProteinMPNN""]","[""Diversified Binder""]"
52,x.rustamov,x.rustamov-m_3_33,High,3,DEEFRKKSHEVNQNYSDQILNLSTDIIETLEKVAKEAGLEDLADNNLIPDSIPDDGNPGHKKLKEKAKEETDYFYEQSNAIKKQFDKDRAKVEAEAAAAK,FALSE,2,--,--,--,78.4267,14.46273897,"[""AF2 Backprop""]","[""Hallucination""]"
53,nickboyd,nickboyd-Dual_Seq1,High,3,MSYEEIAERLVKELGASRADALAAARASGGDLEEAEKLVKLPL,FALSE,2,--,--,--,73.99093023,14.47803281,[],[]
54,chris.j.frank,chris.j.frank-GPU_3_Binder_81_seq_0_B_m,None,0,SEVKKKNPLTYEHIERAKRRAEEIEERVLENARRYVETGDEEALREAVRLSLIAHYAFGTDLTPIMEENAKYVEEAKKIPLPWEAADDAERQAFQQEILDLQFDLTLTEVALEEYSDPSKSEEEQEFAKFTQEVLEAAERAGEAAKEAARLAPVVAGLLKLLSQRRAANNAALLANAPAD,Unknown,2,--,--,--,86.40344444,14.54086818,"[""AF2 Backprop""]","[""Hallucination""]"
55,zalavi,zalavi-egfr_binder7,High,3,AQAAAKETIRAVLKAAAEAARKMAEEARKLAKELEKYNKEAAKHALKAAEYLEKAAELYEKAAEAVDNSKEVWRLVTEAQFAALNAAYELEKAAELTTEELAKKAKELAKEVIDTGNTAMTETAAAIASG,FALSE,2,--,--,--,92.16007692,14.55635705,"[""RFdiffusion"", ""ProteinMPNN""]","[""Diversified Binder""]"
56,tadej.satler,tadej.satler-5HT6op,High,3,SEGELLGKELEADYLASQAPKVNKATQLTIAEELERLIKELEALGADPARLAEYRALVEQLK,FALSE,2,--,--,--,83.28822581,14.62575178,"[""RFdiffusion"", ""ProteinMPNN""]","[""Diversified Binder""]"
57,"R
Razora712",Razora712-sequence_6,Medium,2,EALEEALKALKAEHAKKRKAIYDELLESHSNIADKVEKGEINKEEADKLFEESQKQRDEKLKAIEEEEKKALKEL,FALSE,2,--,--,--,81.4788,14.66471337,[],[]
58,svs25,svs25-seq5,High,3,SNIPGCPESLKGYCKCCGKCVYNKKTKSVSCVCSKGCSGPPCTECSPAGPASG,FALSE,2,--,--,--,90.90838462,14.83897913,[],[]
59,nickboyd,nickboyd-Domain2_Seq3,High,3,MDYSEIADKLVEELGVERLVALEAAREAGGDLEKAKELAKKRL,FALSE,2,--,--,--,61.9854717,14.92042035,"[""ProteinMPNN""]","[""Diversified Binder""]"
60,eugene.valkov,eugene.valkov-rfdiff_design_84_12_dldesign_3_af2pred,None,0,DEEKKKLLEEVELLARVAERLGSPLADFLKEMKEILKSLKNAEDAKTLFTLVADTVREAIALRLAKAGSPVTVEELIAAEKAAP,Unknown,3,--,--,--,78.5844186,14.93806707,[],[]
61,rajat,rajat-3_run_2_1111_0001_dldesign_0_cycle1_af2pred,Medium,2,EEEEKKKKEEEEKKKELDEKMAEEAKKAVEAAAKGDLAAADAHLGKIAELIAEEN,FALSE,2,--,--,--,76.06404762,14.99870735,"[""RFdiffusion"", ""ProteinMPNN""]","[""De Novo""]"
62,salireza111,salireza111-mini_4_1_,High,3,SSATAEADKRAAELA,FALSE,2,--,--,--,80.83163636,15.01184497,[],[]
63,evarist.planet,evarist.planet-FM_75_39,None,0,MPPSPEAQAFIDAHLPNPNVVREQRIVNGRPVILVFDPETGHVVVLAEGPDELTAYGLPE,Unknown,2,--,--,--,68.47533333,15.04815513,"[""ProteinMPNN""]","[""Diversified Binder""]"
64,"T
theraven",theraven-sequence50,High,3,SEETKLKAEELKKKAAEAKFKAAELLAKGDELYKEAPKSKEAADKAGEAYIKAFQAYAKSLEYEAHAKYLS,FALSE,2,--,--,--,72.63533333,15.14318881,"[""ProteinMPNN""]","[""Diversified Binder""]"
65,nickboyd,nickboyd-Domain2_Seq1,High,3,MSYEEIAEKLVKEYGVSRRTALAAARSSGGDLEEAKKLALLPE,FALSE,2,--,--,--,79.55971831,15.1945752,[],[]
66,ccalia,ccalia-conf14_125_2,None,0,SEAAAEVAEAIAKQLKTAVEAAKEDPEAGAAVAGIAALSARAAAKAFPEVKEQFEKLAKQAEEAARLLKEDPEKGIKKLEEAAKEAEKLAKELKA,Unknown,2,--,--,--,79.38953488,15.19617065,[],[]
67,"B
blyncha",blyncha-sequence46,High,3,SEETKAKAEELKKKAAEAKAKAAELLAKGDELYKEAPKSKEAADKAGEAYIKAFEAYAKSLEYEAHAKALS,FALSE,3,--,--,--,90.89726316,15.19725646,"[""RFdiffusion"", ""ProteinMPNN""]","[""Diversified Binder""]"
68,salireza111,salireza111-mini_1_0_,High,3,SEEADKKAEEARKEFDKQRK,FALSE,2,--,--,--,82.94661972,15.23544306,[],[]
69,"R
Razora712",Razora712-sequence_3,High,3,KELEEARKKLKEEIIKEKKAIVDQELKNHAEIADLVEAGKINEKEARELQKENEKKAEEQREAIDKKAAEREKEL,FALSE,2,--,--,--,68.2885,15.23651973,"[""ProteinMPNN""]","[""Diversified Binder""]"
70,a.popov,n.shtil-binder_5,High,3,SLSELIKKIQQVVETQKSEVDKFKAAKEAELKEQYEKQKAAVAEAPEEKRPELLAYVENKRLVAQSQITLENAIKQAEATDKAEAEQAQLKS,FALSE,2,--,--,--,84.0848,15.29508739,[],[]
71,"V
v.tararina",v.tararina-binder_3,Medium,2,SDAAAAAKAARKAKIDSLIKEQLDKVVEVDKKIEELRKKVEEEKLGAKPEEREKLERLYEEKVKELQEELDKDLAEQKAKIIELAS,FALSE,2,--,--,--,77.62793478,15.30144577,"[""RFdiffusion"", ""ProteinMPNN""]","[""Diversified Binder""]"
72,ryanba,ryanba-seq45,High,3,EKESQEIINLISSLSLEFLIEIDKLLPEISQEEKDELATELIRELRKLIEELKKKGKSLEEIKEEAEKYVKKKLAELKAK,FALSE,2,--,--,--,83.28232558,15.31744748,"[""RFdiffusion"", ""ProteinMPNN""]","[""ColabFold"", ""ColabDesign""]"
73,tadej.satler,tadej.satler-8C0N,High,3,MSLEEKIREISLQALLNGEPISGLLLYIRDLYKKDKEEAKKYVEYLYKEFKNELFKEVLELMEKE,FALSE,2,--,--,--,90.86038462,15.34484696,[],[]
74,"T
theraven",theraven-sequence45,High,3,SEETKAKAEELKTKAAEAKYKHAELLAKGDELYKEAPKSKEAADKAGEAYIKAFEFYAKSLEYRAHYEALS,FALSE,3,--,--,--,88.06984615,15.43749356,[],[]
75,"R
Razora712",Razora712-sequence_2,High,3,RVKELEEEAKRKADEAEELKKRIDALQAKFNELLAAAKASSDPRKSYELFQQAMQYATEYLKAEEELEKLERERAELKDKAEQLAAA,FALSE,3,--,--,--,84.002,15.46018831,"[""RFdiffusion"", ""ProteinMPNN""]","[""De Novo""]"
76,"T
theraven",theraven-sequence10,High,3,SEETKAKAEELKKKAAETKTKAATLLVKGDELYKEAPKSKERADKAGEAYIKAFEAYAKSLEYEAHAKALS,FALSE,3,--,--,--,84.37969231,15.47303704,"[""RFdiffusion"", ""ProteinMPNN""]","[""Diversified Binder""]"
77,chris.j.frank,chris.j.frank-GPU_0_Binder_106_seq_2_B_m,Low,1,MAAEKLQKIEDYAKNAETPEGKELLLKGYAGVGLSLLYLKYAYEYGEDKAKLARAVFEAAKKLYEVAKKEYEKYKDTDKKKAFLAEYAIYEVGYEFMKLLPSLLESFKELPADELKEVVKFGKEMIEFTVEFVRRAETDPLLKELPELPEPPPLEEVEKKAEEAKKSIEELEKEAKKKEA,FALSE,3,--,--,--,80.75577465,15.49216076,[],[]
78,coreyhowe99,coreyhowe99-egfr_binder1,High,3,SELEEKAKETIEKANALKEEAKTAEDKEAVIAKYQEAINEFFELVKEIFD,FALSE,2,--,--,--,85.83816092,15.59710302,[],[]
79,a.popov,n.shtil-binder_1,High,3,SMEKALGREAAEAYTQTLLHRIKVLLALENASELPKEEVKAIVDEHFALVDKLKELIEYSPLSAEDIAEEFNKWADDYNDIAEEKEKKGYKEEAAFAKEVADRYRAKADEFKALA,FALSE,2,--,--,--,79.20661972,15.60999637,[],[]
80,x.rustamov,x.rustamov-m_15_28,High,3,MKDKLNELAKQAIAYAAAIFGDHPLLSEFTSQVNSIAEDLSKENVSDKEALSYFVTISYLHLRKLLLEYAPENPDINPRQADAIAEAMYNELSKKAEELL,FALSE,2,--,--,--,86.96977778,15.62583351,"[""AF2 Backprop""]","[""Hallucination""]"
81,"V
v.tararina",v.tararina-binder_5,High,3,NLEKEKGLAARQAYTQALQDEILVILALEEAEKLPKEEVKKIIDAHFATIDALEALIEYSPLPAEDIAAHLERVAQQYKDIANEKKKKGYEEAAKLAEEVAARYLALAKRYRALA,FALSE,2,--,--,--,79.0542,15.62656812,[],[]
82,nasr.kaveh,nasr.kaveh-ZistRayaneshDesign-06,Medium,2,GAARAEIEAHTAKAIEACKAGDADGALEHMYKAYLTADAAGDYALGLEACERLAKECKNLTPLTRSYVRSLADIFRRKAE,FALSE,3,--,--,--,84.2,15.64217748,"[""RFdiffusion"", ""ProteinMPNN""]","[""Diversified Binder""]"
83,"T
theraven",theraven-sequence47,High,3,SEETKAKAEELQTKALEAKYKAAELLAKGDELYKEAPKSKEAADKAGEAYIKAFEFYAKSLEYRAHYEALS,FALSE,2,--,--,--,83.569875,15.67880857,[],[]
84,"T
theraven",theraven-sequence46,High,3,SEETKAKAEELKTKALEAKYKAAELLAKGDELYKEAPKSKEAADKAGEAYIKAFEFYAKSLEYRAHYEALS,FALSE,2,--,--,--,87.471,15.70655942,"[""AF2 Backprop""]","[""Hallucination""]"
85,"B
blyncha",blyncha-sequence42,High,3,SEEARENGRRDGEKLAEAAAKDPEKLKELEEELELTVKAIALNVEAGNREAAEINADVLRYTVEAATAAMAKRDPELAKKAAEIGAKALARAAEALAA,FALSE,1,--,--,--,77.73965217,15.80340699,"[""RFdiffusion"", ""ProteinMPNN""]","[""ColabFold"", ""ColabDesign""]"
86,"R
Razora712",Razora712-sequence_10,High,3,EELKKALQALKKEYRDKQWAVVQEMLKQHAEIAKKKEAGEINEKEADKLMEEAKKAAEEKMKKIEEDRAKALAEL,FALSE,2,--,--,--,73.983875,15.89255093,"[""RFdiffusion"", ""ProteinMPNN""]","[""De Novo""]"
87,surabhi.lata,surabhi.lata-Design_02,High,3,YTKEEVIEALKRAIEEAEKALEELPKNPTLGAALICDAALIAIDAAYLVEEALGEEFKELAEKLREAALEALEAVKAGDLEKAKEYLEKAKEIAKEILKKI,FALSE,2,--,--,--,77.38169014,15.9095456,[],[]
88,salireza111,salireza111-mini_6_1_,High,3,SEAQKKADEARKKIDEERK,FALSE,2,--,--,--,77.70197183,15.94939341,[],[]
89,martin.pacesa+lennart.nickel,martin.pacesa-EGFR_l96_s38819_mpnn15,High,3,MEYQYTFSEEVAERLMSHFEGLDPWTLELLRRLLSGEPISEEEMEALLYAVLLNPWYVAVVASIPEAKAVFEEAMKKLNVFEHSFDEIVADAQRYM,FALSE,2,--,--,--,76.62265306,15.95836077,[],[]
90,salireza111,salireza111-mini_26_1_,Low,1,GLDEGLAKAKADIASS,FALSE,2,--,--,--,84.39986667,15.98193312,[],[]
91,"T
theraven",theraven-sequence24,High,3,SEETKAKAEELKKKSAEAQAKSAEKLAKGDDLYKEAPKSKEAADKAGEAYIKAFESYARSLEYEAHAKTLS,FALSE,2,--,--,--,89.94069307,16.02036312,[],[]
92,"R
rohaneis",rohaneis-design3,High,3,DLGKKLLEAARAGQLDEVRELLKAGADVNADDTWGWTPLHLAAYQGHLEIVEVLLKYGADVNAYDYIGWTPLHLAADAGHLEIVEVLLKHGADVNASDYIGDTPLHLAAHNGHLEIVEVLLKHGADVNAQDKFGKTPFDIAADAGHEDIAEVLQKAA,FALSE,2,--,--,--,45.87052632,16.04527926,"[""ProteinMPNN""]","[""Diversified Binder""]"
93,martin.pacesa+lennart.nickel,martin.pacesa-EGFR_l165_s44215_mpnn2,High,3,SQPEIEQRFHDVAREVLDEGFDFIDKTMKLYKEANPEISDEEVIKEGQKLKHEFYNKYDLALFKAIEYMDKYPEAAEKVLKEFEYVLAAIKLFMGYVEEKKVDYALAGLKVVLKMFELLVEIFKLEVDPKEAKPLSELLKEEAEKEEDPVLKEVLEKVVEVMESL,FALSE,2,--,--,--,88.190625,16.06389879,"[""AF2 Backprop""]","[""Hallucination""]"
94,tadej.satler,tadej.satler-1PZ2,High,3,SSSEEIKKLLEELKKELEKEKTVTEKKKLIVEAILKLHTLGTEEAEKKAKELEKELLEMK,FALSE,3,--,--,--,66.3625,16.12361262,"[""ProteinMPNN""]","[""Diversified Binder""]"
95,vratinsrivastava10,vratinsrivastava10-sequence_6,High,3,DQKVTELNKAALQYEAEAAEYRTKAKTYDELSKGSGGGLYSKKAADYRLKAAKYDMEADAKREEAKALQA,FALSE,2,--,--,--,75.20183099,16.13292679,[],[]
96,coreyhowe99,coreyhowe99-egfr_binder2,High,3,SKEEQIKELQEKIEKLDKEIEKEKKTGTQEDVNALQLIKDSYVRKLEALK,FALSE,2,--,--,--,91.07834395,16.18562176,[],[]
97,rjtpunia,rjtpunia-5_run_2_1162_0001_dldesign_0_cycle1_af2pred,High,3,SEEEARRHALEQLAAVQEQLAALGKEADKISDAAYKEAEPIVKELTEKEIAKKNLTPEEAAKFKAIGEEETVSLAAGIANAIANGKETGTGAADKAAALASLKERFKEY,FALSE,2,--,--,--,91.8010303,16.19178002,"[""AF2 Backprop""]","[""Hallucination""]"
98,x.rustamov,x.rustamov-s_15_28,High,3,MKEKLNELADEAISFAKSIFGDHPSLATFTSFANSVADDLSKEDISDEEALNYYVQIVHLQLLKLLLEYAPENPNMNFRQAQAIAEEMYTKLSKKAKELL,FALSE,2,--,--,--,79.5295,16.24750013,"[""RFdiffusion"", ""ProteinMPNN""]","[""Diversified Binder""]"
99,"B
blyncha",blyncha-sequence39,High,3,DEERRKEIEKRVEEIRKRAEELAARGASPGIIQAINDAAELAEKALKEGNLEEAEEYREAAEDLARLGEGVAARLEAVHARARAAAAAA,FALSE,3,--,--,--,73.461,16.30327306,"[""RFdiffusion"", ""ProteinMPNN""]","[""De Novo""]"
100,,tadej.satler-1DI7,High,3,DWEKWLKYLEEMIKDPSMKDTARELLENEKTILKIVGDKERLEEVEKMLKKI,FALSE,2,--,--,--,82.1902,16.32200612,[],[]
101,svs25,svs25-seq4,Low,1,PNLPGCPPELAGVCPCHGRCVYDAATGSVSCVCSEGCSGPPCTTCDPSGPAAG,FALSE,2,--,--,--,78.26394495,16.34901631,[],[]
102,svs25,svs25-seq3,Low,1,PDLPGCPPELAGYCPCGGKCVYNAATNSVSCECSPGCSGPPCTLCDPSGPAAG,FALSE,2,--,--,--,90.4172,16.36700845,"[""AF2 Backprop""]","[""Hallucination""]"
103,aqamar,aqamar-seq2,None,0,EEARKEALEAAYKEAAGEALKAEAEAVVYENEARATGSPELAAKAEAARAKAKEAWAKAEALKAQLA,Unknown,3,--,--,--,81.8041573,16.40972543,[],[]
104,akshaychenna,akshayc-5_run_3_1002_dldesign_0_cycle1_af2pred,High,3,GISESLAKLEFIKKLAEALAPLTEKAAAAEKKLAAAIKKLVPENAEEVTEEILAGADKVRVAASNAAYLAETGGDAQAEAAYTKEVKAEKLKEIEKKYGPEVAKLAKEYFDLQAELGAQEGKLVAKLEKE,FALSE,3,--,--,--,85.37634615,16.4308787,"[""RFdiffusion"", ""ProteinMPNN""]","[""Diversified Binder""]"
105,akshaychenna,akshayc-3_run_3_168_dldesign_0_cycle1_af2pred,High,3,DVERYKETLEESKKELDKEKKKAEAELKKAKEDAAKASPEEAAKYKAKAKELEAEIKFNEDVEKFLEALLKQVEEDEKRS,FALSE,3,--,--,--,42.61169811,20.45101343,"[""ProteinMPNN""]","[""Diversified Binder""]"
106,aqamar,aqamar-seq5,Medium,2,GSAALKAAAKAVKAAAKALAEKLLQKSLDLLIEAGENPEKAPELKEQAAEYSSLAALVLTLGDKLAAALEKLA,FALSE,2,--,--,--,41.99754717,20.79771382,"[""ProteinMPNN""]","[""Diversified Binder""]"
107,aqamar,aqamar-seq7,High,3,DEARKRLAASNAKNAALHETFLAEAEAEAAARAARSEAARAAAAEAARRAA,FALSE,3,--,--,--,59.36761194,20.79170007,[],[]
108,aqamar,aqamar-seq3,Medium,2,AEEEDKKKLEEFKKFAEEKVKEAKKLLEEAKKKVEEAKKKGDPEELRKAAEFARKAAEEAEELLWEVLKKAHEVASSSSPKYAEEAKKEAAKAAEEIGKIREELWDLSNEAAAAAEEVEAA,FALSE,3,--,--,--,54.3369863,22.09829605,[],[]
109,eugene.valkov,eugene.valkov-rfdiff_design_84_12_dldesign_1_af2pred,None,0,MKEKEELIEEAKLLAEVAKLLGSPYAEFLENMIEILKSLKDVEDAKTLFTLVGNTVKEALELRLKKEGSPYTLEELIELVKKAP,Unknown,3,--,--,--,27.68058824,22.68935777,[],[]
110,eugene.valkov,eugene.valkov-rfdiff_design_6_38_dldesign_2_af2pred,Medium,2,SVPDPREERLKRVVAEVFKDYPKSAQERVNGVFKVREGDPEARAIAELIRTLLESERKLLTAIAASEADSTAAAARIAEIDDVLAYLDELLA,FALSE,2,--,--,--,75.04512397,24.55972638,[],[]
111,eugene.valkov,eugene.valkov-rfdiff_design_22_33_dldesign_0_af2pred,None,0,MLEEIIARLEEENKTSSPHPMEPEMRKYYVPKLKELTGIPTEEDAEAILERVDGVSEMAVVNVMLQAIYEGQ,Unknown,2,--,--,--,76.14297619,16.82419609,"[""RFdiffusion"", ""ProteinMPNN""]","[""De Novo""]"
112,eugene.valkov,eugene.valkov-rfdiff_design_88_34_dldesign_1_af2pred,Low,1,KLEEIKKKQELANKLAAEDEIMWDIQVLLLELEAEGVSEEEKDKILEEYIESQPEELKEKAKEYLELALYIKENEELVKEEEY,FALSE,2,--,--,--,69.25902174,17.31539452,"[""RFdiffusion"", ""ProteinMPNN""]","[""De Novo""]"
113,evarist.planet,evarist.planet-FM_75_1_14,High,3,EELPEEVRKLLEDLIGEAPIEIEVKEVGPRRIVTGFSFETGKFAIVEDSPEGIRVLAQST,FALSE,2,--,--,--,56.305,18.04984613,"[""RFdiffusion"", ""ProteinMPNN""]","[""De Novo""]"
114,evarist.planet,evarist.planet-FM_75_1_76,None,0,PELPPEVRAALEALLGEAPIQITLKQVGGDLVATAVSFETGKFAILRWSPEGLEVLARSE,Unknown,2,--,--,--,79.70349398,18.94504986,"[""RFdiffusion"", ""ProteinMPNN""]","[""De Novo""]"
115,evarist.planet,evarist.planet-FM_75_7_10,None,0,MTLPPTALAQIEEIKKDPNYEVTLEMRGGRPVVIVYNKETGKVTVSHIVDGELVSETPFT,Unknown,2,--,--,--,69.0875,16.86886728,"[""ProteinMPNN""]","[""Diversified Binder""]"
116,evarist.planet,evarist.planet-FM_75_7_16,Medium,2,LTLPPSAQAQIEQLKQNPNYELTLFLSGGRPVVEVYNKETGAVTYSHVVDGQLVSETPFT,FALSE,3,--,--,--,50.36533333,21.06886849,"[""ProteinMPNN""]","[""Diversified Binder""]"
117,ccalia,ccalia-conf58_111_0,None,0,ADPEKAREYVKKAREAIKEAEKALKDGTEEAIKKAQEKALEMMELLAEARKEGFPDTLIAMLAYAALAAGEYATAATLKNKGTDPEAAARHERLGKLAAERALGLGELVL,Unknown,2,--,--,--,48.77233333,21.79827536,"[""ProteinMPNN""]","[""Diversified Binder""]"
118,ccalia,ccalia-conf94_139_2,None,0,AALEAAKKALEAAKKALAELKAAAKEAEKVNPGAGALANTMAEAVEKILKVGEEALKDPSQAENAEAVFKLAKGVAEDAIKSTKARIKKAK,Unknown,2,--,--,--,26.72183333,23.32796014,"[""ProteinMPNN""]","[""Diversified Binder""]"
119,ccalia,ccalia-conf17_183_3,High,3,MEEALALAKAMAEKAIAAGRETGVEEEVKELADKALAAMEAGDLEKFVDYAIEASGLLARAAYEKGNGRAARLLYEFNRLATKAVEAMKALKAAAA,FALSE,2,--,--,--,81.88963636,16.53771695,"[""RFdiffusion"", ""ProteinMPNN""]","[""Diversified Binder""]"
120,ccalia,ccalia-conf58_160_3,Low,1,SELGEEALNYAYLAIAYLQLAVGDSHNAEEYLKKAEEYAKKMIEKMKKFGTEEEAEKVKKLAEEALKIAKELIEKGRKKGITGKERQEYFDKLDAEAGKLLKAVEEAIKKAK,FALSE,3,--,--,--,86.61901099,16.7315766,"[""RFdiffusion"", ""ProteinMPNN""]","[""Diversified Binder""]"
121,coreyhowe99,coreyhowe99-egfr_binder6,Medium,2,DRNELKFWEWVKRKRHQAET,FALSE,3,--,--,--,91.270625,17.74924869,"[""RFdiffusion"", ""ProteinMPNN""]","[""Diversified Binder""]"
122,coreyhowe99,coreyhowe99-egfr_binder10,High,3,KNHRPLCFYGGRCYGTYRPQ,FALSE,2,--,--,--,82.97982143,18.66250216,"[""RFdiffusion"", ""ProteinMPNN""]","[""Diversified Binder""]"
123,coreyhowe99,coreyhowe99-egfr_binder7,Low,1,TRNERKFWEWVKRLRHQAQA,FALSE,2,--,--,--,34.426,19.99643357,[],[]
124,martin.pacesa+lennart.nickel,martin.pacesa-EGFR_l79_s73552_mpnn1,Medium,2,MEKLIEKLKELLEKVKKKEATWHEVFNVVDEVYLTLVWNDSLPGIHEYWEKFWEAFFSKNRWEGIIKFLEEFIKKLPKP,FALSE,3,--,--,--,28.661,20.34588043,[],[]
125,martin.pacesa+lennart.nickel,martin.pacesa-EGFR_l81_s82421_mpnn14,High,3,SSKIEEITEKIMEYVKKVGPHKIKEEEFREFLKSLGIPEELRDDLTYLVMLWPPLPTSPIRAEHSLLALREHVLRYLRENW,FALSE,2,--,--,--,31.904,20.84480998,[],[]
126,vratinsrivastava10,vratinsrivastava10-sequence_0,High,3,DEVEKLREEAIKEIEEARRLIEEARERVGDACGPYADAAASSYEEAKKKKDDAEEVAQEAYVAALHLEGAAAAAPDPEVRRRLEEAAERVAKEAKKLRAA,FALSE,2,--,--,--,89.18594937,16.60337522,"[""AF2 Backprop""]","[""Hallucination""]"
127,vratinsrivastava10,vratinsrivastava10-sequence_7,Medium,2,GTAAQKAQLLQQAADNEAQAEAAAAEAKATEDKAAEKAAELDVLAAEARSEPDGEALYARYQAERDAAAEAAKATIEDLKAKADALLAAAAAARAQAAAL,FALSE,2,--,--,--,87.50765432,16.94881334,"[""AF2 Backprop""]","[""Hallucination""]"
128,vratinsrivastava10,vratinsrivastava10-sequence_5,Medium,2,DLELAERLAAQLPDADEALEALRTAVTAGNLVDGAAQVLALGAAAAYRTGDVNALVLANQASSHLIRAAD,FALSE,2,--,--,--,86.9845,16.96702665,"[""RFdiffusion"", ""ProteinMPNN""]","[""De Novo""]"
129,vratinsrivastava10,vratinsrivastava10-sequence_9,Medium,2,ATAAKKAQLEAEAAKKEAEAAEAKAKAKQVEDDAAKKLAELDVAAGQAASTEEGPAISNAKEKEAETVKAEADAKKAKLAAQAADLKAQAAQYKQQAAAL,FALSE,3,--,--,--,76.3281,17.10388164,"[""RFdiffusion"", ""ProteinMPNN""]","[""De Novo""]"
130,jvogt4,jvogt4-hotspots_only_469_03,High,3,METLEKRLEELRKITEEKIEELKAEAEKHLAEAAALKAADPSATAEVNANIEAAKGAKETAEVLKELTEGLEKEAKARL,FALSE,2,--,--,--,47.77,22.38522165,"[""RFdiffusion"", ""ProteinMPNN""]","[""De Novo""]"
131,jvogt4,jvogt4-hotspots_only_302_00,High,3,SEEKKKEEELEKEKEKFREELEKLKEELKKLEEEVKELEKRMEEIAEREEENSEKIREKLKKLKELFKEQVKLAEKAIKEAEKALKEGDEALEKAAKKLKEYLEKSLKISEEVRKLADEFEAWAEKHLDPETVAELRSILGRLEQISLDIHLIIASLESRVEKLVDKVKK,FALSE,2,--,--,--,45.386,23.64291361,"[""RFdiffusion"", ""ProteinMPNN""]","[""De Novo""]"
132,jvogt4,jvogt4-hotspots_only_484_01,High,3,STPEAEAFEKKLAALEEEKAEDLIALINAQAEAMKAAKDGDEAAKLYKEYSAKADALVAEYAAKLAKLKAE,FALSE,2,--,--,--,80.87012658,17.7791976,[],[]
133,jvogt4,jvogt4-scfv_residues_195_06,High,3,KEERMRKLVTRLVLEAYYEGKEIPIFSDKEEVDALFEKIAEEVGDTRPKDETRKLLYRLAVEAQMYVLLKFCSSTSCIYWDDSLNGYLPENKPEIKKAKEEILAELEKE,FALSE,2,--,--,--,90.14452941,17.96058184,[],[]
134,jvogt4,jvogt4-scfv_residues_006_02,High,3,EEKLKEYAKEYFEYVKKEFEEIWDAVTKEGKSKRLKIPIFEYKPGRTADQEAIASYAYMKLLIELCSSTSCLYWDDSLNGYLKKEDEEKVKKYIEEVIKKVKEETEKFIEEYIEKKKT,FALSE,2,--,--,--,87.22605634,18.69426164,[],[]
135,klima.jason,klima.jason-egfr_7wmio_1_9,High,3,SAAEEKKKHELLTEMAVKAQKAAYLTRLILSVEGNIWAREKGLKLVKVIVWSGGNTDVFTESEEESEKIRKELEDWLWEKYGEEIYRAQRLEFEVDKLMAEDKEIAEAVNSAAPETYYDYTYDDVARLLKYTGLWKEVSSISDDALKAPNNNNWPTVNPAQKEALDAALEVAEKHMEELKELAEKYLEEYERLKKEIEEL,FALSE,2,--,--,--,49.24633028,25.38521385,[],[]
136,klima.jason,klima.jason-egfr_moxuu_0_27,High,3,SEAALAAELAAREAAAAAAAFAAEAAAILAKEDESILEILKKAVEVISKTNNNWPTSVVSFALVTLISLLLAAILGVDPLALGALDAAGQRQLADAFLAAAPILTYYDYSVRLLPAAWQFLHKQPELTARDIVELLKKGPEAIKEAYDKVGPIDVVWSGGNTDPATFSTDVSKEVLEEAQKLAEELLEEIEKVEEKRKKE,FALSE,2,--,--,--,44.16966102,25.82346987,[],[]
137,klima.jason,klima.jason-egfr_aehce_2_11,High,3,MTAEELAALEEKRKNEQLSLEFEAKATPYYLETLVKGLEELLETLDEYGDEVPGIWSGGNTDKMNRSGALLRNLSAVAEVVGGVYVKVALLAGEKYVESLIELGGGTYYDYDAGKQADLILTAAEKIVELVGSEEAEKLKELAEKLAEKARELAKLIKSNNNWPTEVTEEVSEEEFREFLELMLELAKKMKEFLEKLEKE,FALSE,2,--,--,--,73.24375,20.57491224,"[""RFdiffusion"", ""ProteinMPNN""]","[""Diversified Binder"", ""ColabFold"", ""ColabDesign""]"
138,klima.jason,klima.jason-egfr_aehce_2_20,High,3,MTEEELEEIEKKRELEQQSLLYEAKRTPYVLRTLVKGLKELLENLDSYGDTIPAIWSGGNTDTMDLSGMLLGNLSALAEVVGGFLVYVELLAGKEYVKSAIELGGGTYYDYDATAQAKLIRTVAERVVELYGSEEAEELRELALKVAEMAEELGKLIKSNNNWPTEFKEKVSREEGREILRLLAELAEKMLRFLEKLEAE,FALSE,2,--,--,--,63.79945,21.93843696,"[""RFdiffusion"", ""ProteinMPNN""]","[""Diversified Binder"", ""ColabFold"", ""ColabDesign""]"
139,klima.jason,klima.jason-egfr_7wmio_1_30,High,3,MAEEEERLRELRTRLAVAKARYAYLVRLILSAEGNIELRKLGAELAYVYVWSGGNTDVYTLDEEESEKLREKLTEWLWERYEEEIFEAQRAEAEVDRLMAEDPAIAEAVNGALPVTYYDYEMHPVAQLLEITGLIEEVSEIDKDALKAPNNNNWPTVDESQKEALDKALEVVEERMEELEERAERLREEAERLEREIREL,FALSE,2,--,--,--,35.39775,25.24075978,"[""RFdiffusion"", ""ProteinMPNN""]","[""Diversified Binder"", ""ColabFold"", ""ColabDesign""]"
140,alan.blakely,alan.blakely-design:6 n:5|mpnn:1.128|plddt:0.832|ptm:0.725|pae:9.934|rmsd:3.788,None,0,DSECPLSHDGYCLHDGVCMYIEALDKYACNCVVGYIGERCQYRDLKWWGELEKERKEKTGITVEPFEKNRGYKKEKEVVEEIEPVKTPEEIDHPTAVRTADGTVLYVNDDGTVVIQSTQPTTMASVNAAVAKFSAKTGKTITVREADLDGYCLHDGVCMYIEALDKYACNCVVGYIGERCQYRDLK,Unknown,3,--,--,--,61.4224,26.34992597,"[""RFdiffusion"", ""ProteinMPNN""]","[""Diversified Binder"", ""ColabFold"", ""ColabDesign""]"
141,gabriong,gabriong-design10,Medium,2,SESQENLREGAENVADRLKAENPALTDKEVEKIVDEAINKGNELDQKLRG,FALSE,2,--,--,--,34.8013,26.60348869,"[""RFdiffusion"", ""ProteinMPNN""]","[""Diversified Binder"", ""ColabFold"", ""ColabDesign""]"
142,gabriong,gabriong-design6,High,3,SASMKNLELGAENVAKRLQAENPELSPEEVQKIVDEAIKKGKELDEKLKG,FALSE,2,--,--,--,45.1938172,23.23583091,[],[]
143,gabriong,gabriong-design1,None,0,GSMSREEAQKVQELIKEANKLLYETLEAFEEAERLVEEAQRLEEEEPEVAEQKEQEALEAVKKATEGLKKAHEKVQEGVELVKDREDVKRLLEEAKEELEGAAAAEKKVVEALERGDFEEALEELERAEQEIEEVLKELAEAAKRARELIQEAESS,Unknown,3,--,--,--,36.0262,22.19962303,"[""RFdiffusion"", ""ProteinMPNN""]","[""Diversified Binder""]"
144,gabriong,gabriong-design2,None,0,GSMSREEAQKVQELIKEANKLLYETLEAFEEAERLVEEAQRLEEENPEVAEQKEQEALEAVKKATEGLKKAHEKVQEGVELVKDREDVKRLLEEAKEELEGAAAAEKKVVEALERGDFEEALEELERAEQEIEEVLKELAEAAKRARELIQEAESS,Unknown,2,--,--,--,33.5664,23.65697262,"[""RFdiffusion"", ""ProteinMPNN""]","[""Diversified Binder""]"
145,gabriong,gabriong-design8,None,0,SMEKETLIKQLQEAMKEASKYAKEAADKMDRAEDLMEKALKAAKEDPEKAKKLLEEAKKEAKEAIEALEKLIEALKKLKALADKSPEAAELGKLAEAAITAAEEAKKLLKEFAESKDVEEAKKLMEEAKKKLAEALTLLSAASKAAKALMEKLKAE,Unknown,3,--,--,--,40.93525641,26.42037414,"[""RFdiffusion"", ""ProteinMPNN""]","[""Diversified Binder""]"
146,allongoldberg,allongoldberg-8714_32po(S)_34p(K),None,0,LAQAVQQLLIEIILLILIIIWLLALLALFLASNKKLAFLAWLLKAIQQYVQILCKIVEALLQKIKKDPFPAAQHLEQLVAQLLQQIQELLQRIAQLVKQICQTPAPAALQQLVEELAQALAQLLQEIAQLVQQLCQEV,Unknown,2,--,--,--,45.35096154,26.43003582,"[""RFdiffusion"", ""ProteinMPNN""]","[""Diversified Binder""]"
147,allongoldberg,allongoldberg-8714_32po(S)_34hp(L),None,0,LAQAVQQLLIEIILLILIIIWLLALLALFLASNLKLAFLAWLLKAIQQYVQILCKIVEALLQKIKKDPFPAAQHLEQLVAQLLQQIQELLQRIAQLVKQICQTPAPAALQQLVEELAQALAQLLQEIAQLVQQLCQEV,Unknown,3,--,--,--,76.80621795,26.48706687,"[""RFdiffusion"", ""ProteinMPNN""]","[""Diversified Binder""]"
148,allongoldberg,allongoldberg-17449’_33p(R),None,0,DQEELAAIIFQLEALLLLLLLIFALLIKGLAGRQSWALLRWILKLIEKALQWICAALEQLLQQLQQAAPPAAEHIQRLLQQIQEQLQAILQKLAKIIEEICKKPPEPALRALIHKIAQQLAQLIEKLCEILQELAQQL,Unknown,3,--,--,--,51.5873913,25.52676276,"[""Rosetta""]","[""Physics Based""]"
149,allongoldberg,allongoldberg-17449’_33hp(L),None,0,DQEELAAIIFQLEALLLLLLLIFALLIKGLAGLQSWALLRWILKLIEKALQWICAALEQLLQQLQQAAPPAAEHIQRLLQQIQEQLQAILQKLAKIIEEICKKPPEPALRALIHKIAQQLAQLIEKLCEILQELAQQL,Unknown,3,--,--,--,58.1265942,25.62746779,"[""Rosetta""]","[""Physics Based""]"
150,allongoldberg,allongoldberg-17449’_33p/n(H),None,0,DQEELAAIIFQLEALLLLLLLIFALLIKGLAGHQSWALLRWILKLIEKALQWICAALEQLLQQLQQAAPPAAEHIQRLLQQIQEQLQAILQKLAKIIEEICKKPPEPALRALIHKIAQQLAQLIEKLCEILQELAQQL,Unknown,2,--,--,--,55.39804348,26.00052977,"[""Rosetta""]","[""Physics Based""]"
151,mw88,mw88-1_BACK_INTER_ENERGY1,None,0,HAHVTQSPVILSVSPGERVSFSCRAQARIMVFFHWYQQRTNGSPRLLIFIFSWTWNNIPSRFSGSGSVDDFTLSINSVESEDIADYYCQFFMMSLFWFGPGLVQPSQSLSITCTVQKEEVYKLLLIWVRQSPGKGLEWLLMIIIYYIWMLWTPFTSRLSLHVRRDEAYVFFKMNSLQSNDTAIYYCARLVIMIFFVVAYW,Unknown,4,--,--,--,47.83746377,26.46543776,"[""Rosetta""]","[""Physics Based""]"
152,mw88,mw88-8_BACK_FULL_ENERGY4,None,0,MYYYLITAFKVRRRKKRSFQAIVQNYNKIDDIDDVLAHFKRYHTITSDDEEEELSSAFHISQHLSEEYYYSVANTNLHRKKTKTSQQFDIAMWWMMWTYSHVAYYTRNNNSRQRYRMLKMIHVVQENHALVSTQVMQDADMVWIWWLWMDEEDEWTMMTWWAKWRRKKFFNLSLFLQQAVQNTNAIHFEWHFFIMEDNHH,Unknown,4,--,--,--,57.17717391,26.82256167,"[""Rosetta""]","[""Physics Based""]"
153,mw88,mw88-CRYSTAL_STRUCTURE:A,None,0,MAVQISKKRKFVADGIFKAELNEFLTRELAEDGYSGVEVRVTPTRTEIIILATRTQNVLGEKGRRIRELTAVVQKRFGFPEGSVELYAEKVATRGLCAIAQAESLRYKLLGGLAVRRACYGVLRFIMESGAKGCEVVVSGKLRGQRAKSMKFVDGLMIHS,Unknown,2,--,--,--,54.308,25.91439424,[],[]
154,mw88,mw88-10_SWAP_FOLDING_E3,None,0,DILLLLVKNKWDYTEFESFVILLLYSQSIGTNIVIILYKQKNHIRIAFKYADESIDGVEWFMVMMMTGTDLAIIHWNWKQQTEYELMILQNNNWPTTIIAQSHDHHMHLSITCTVSGYDEYHEDDDWVRQSPGKDAKRKNRRYRTRKRTATQNKRRDENVSMDNSKSQVFFKMFFWSRQDKSHWFWFWVLTYYDYEFAFM,Unknown,2,--,--,--,30.4662,26.03871316,[],[]
155,mw88,mw88-9_SWAP_FULL_ENERGY3,None,0,MWYSMFSFIFSKRKRKRFQTLQHSNYNKMDDIEDVTNTHQTTFSYLYEEEEEDHATNNQFVQMSFHEYYQHYNSAATARKYAKSMSAVEIAMIMDLDVTAHQSYDDEMLVIYWLWMEDMDAWTHWQWWVRWRKKKFMWIVTSTVTMIHWFNRRKLALARNRNRQIKWIHLFVDNQVANHNVQQHYYSHDLIFIILLEEVW,Unknown,3,--,--,--,48.3848125,26.67794912,[],[]
156,biolucasmachado,biolucasmachado-modeled_seq_44_0.8170051102916527,None,0,DVNLVESGAGVVQPGQSLSLSCTASGYSISNYWVNWIRQAPGRGLAWICYIKSSGSDDPDMPFTSGFKISRDDTKNRVYLTVSSLRPEHTAVYYCVCLHKNYGNDYQFWGQGTLVTV,Unknown,4,--,--,--,29.403,26.8825872,[],[]
157,biolucasmachado,biolucasmachado-modeled_seq_7_0.8568448427523303,None,0,QIQLTQPASQVVQPGQSVSVSCQASGYTLTSYGVQWIRQAPGKGLEWLFTIFSKSKKTYNRPVASRMTYSVDTSNNMIYLQLSDLTAADTATYYCARGPTVSSGWFDLWGQGTLVSV,Unknown,3,--,--,--,26.81315,26.93518019,[],[]
158,biolucasmachado,biolucasmachado-modeled_seq_28_0.8430711186180512,None,0,QVQLTEGVPGLVQPGQSLSLSCQASGYSFTGRETVWIKQSPGKGLEWIGRVWNDGSVDYNYFLESRFELSKDVSSSQVTLKGQSMQSEDTAVYYCAWEPTVYSDYFDVWGQGTMVTV,Unknown,3,--,--,--,61.6557265,26.30816164,"[""ESM2""]","[""Diversified Binder""]"
159,biolucasmachado,biolucasmachado-modeled_seq_20_0.8425151410743467,Low,1,GQDLQESGGGLVEPDKTLSLTCKTSGYSITSYTYHWVRQVPGKGLEWLHRSRSSSGTSFNSALTSRIYSSEDVSNNVVTLTMRSLITDDTAVYYCARESTVYISYFDSWMQGTLVTV,FALSE,2,--,--,--,63.06273504,27.50764771,"[""ESM2""]","[""Diversified Binder""]"
160,biolucasmachado,biolucasmachado-modeled_seq_8_0.812666993524529,None,0,QQQLVESGPGVIKPGHKFNLDCSATGYTVTSYAISWIRQKSGESLEWLLTISSTANVDKWGPAMSRVAASRDDSKSMVYLKLDSLTTDDSGVYYCARHYTNYYNAFDYWGKGTMVTG,Unknown,3,--,--,--,57.34230769,27.65779168,"[""ESM2""]","[""Diversified Binder""]"
161,carlos.bueno,carlos.bueno-WWB53,None,0,MYEVSAQQKQQKTSRQSNTHHTVHIYNKIDEIVIFVVAEKKTQITVVVEEIEEEADQARKDAQYHYDHYDFYFYSNRTDNKSKAQVFFFIAMWWDMWFAHHENRSKRNNSYTITLKNTRMLHMLLFLFYVQRQDYFHMHMMLWIWWLWMDDEDSWESSSWWLRWKRATLALSHNTNDQRNRYNYVMLVIWHFFIMEITLA,Unknown,2,--,--,--,62.7917094,27.67394181,"[""ESM2""]","[""Diversified Binder""]"
162,carlos.bueno,carlos.bueno-WWB11,None,0,FFDARAWKRDYSKKQQDQTQYSIEFWFWFEELLLVVIIHRHSHMVIVLEWLDDTMSHMQTKVYMTMDWSRYTMTATQAQKNLNMWMIVLFLIFEFIEYWYTRLAMAMSVLLYYLVFEDWEQAKNSQAAAKAKHQHYHVNWNNWNSWDRNEWKNNNNQQHHHTRSHKAKVYEYMVIDTDDRRRSRYIVTEDFFIFIEISTM,Unknown,2,--,--,--,63.73641026,27.71492299,"[""ESM2""]","[""Diversified Binder""]"
163,carlos.bueno,carlos.bueno-WWB62,None,0,AFEVSMKSSQRNQRNNQNSSISIDVWFWFEELYILILMNNKQSMTALIEEIDDYWWNRQWWLTMTMESRSITLQLNNWQKNLNMSIIMYIVFFWFIVMMKDHRQHRHKRDTKYHTHHNHLKAEAYYVVMTDQRRDVYVAMFILLYYLVFEDEEAAHWSTAAAKAKHHKYDTKYDHQRRDDQSQTVVVWEYWFFFAEFTWM,Unknown,2,--,--,--,30.3065,26.55284666,[],[]
164,carlos.bueno,carlos.bueno-WWB65,None,0,SWSTTQSPVILSVSPGERVSFSCRAWFWWEDVQHWYQQRTNGSPRLLIDYENETTMHIPSRFSGSGSSTHFTLSINSVESEDIADYYCQVIILIVIDFGGKGLEWLGVMVLYYLQFHNTPFTSRLSASNKAKRRQVFFKMNSLQSNPGLVQPSQSLSITCTVRHMRKKANMNQWVRQSPDTAIYYCARADYFFLAEQAYW,Unknown,2,--,--,--,29.47455,26.88836844,[],[]
165,carlos.bueno,carlos.bueno-WWB7,None,0,HMHYSAKHNHWHEHNNQHKRYEFEITIEIRSLFYFFEANYHWTYYVAFISFWHYAWNFNWQFYAWAEWRRFAFEATNANNQWNKWFAFVIIWMEVLIAKEKEAEMLILIIMMYLMMMISQMQHQRDLRLDDKHKTLDLRDWQSSSSRDQRSTQYNRDKKTQTDKTDIKTTVILLVRKRSDQSDDVLVTVYMFYVLVVMWV,Unknown,2,--,--,--,28.8125,27.08999167,[],[]
166,"T
tobiasoverme",tobiasoverme-seq22,High,3,QVKLEESGGGSVQTGGSLRLTCAASGRSISTYYIHWFRQAPGKEREFVSGISAGSVSIGYADSVKGRFTISRDNAKNTVDLQMNSLKPEDTAIYYCAAAVILGAQIDYLGLDTWGQGTQVTVSS,FALSE,2,--,--,--,40.9826,27.56877802,[],[]
167,"T
tobiasoverme",tobiasoverme-seq26,High,3,QVKLEESGGGSVQTGGSLRLTCAASGRTFNDYDMDWFRQAPGKEREFVSGIRAYDDNTGYADSVKGRFTISRDNAKNTVDLQMNSLKPEDTAIYYCAAALTGHTTATGFTFDVWGQGTQVTVSS,FALSE,2,--,--,--,32.97255,27.8424907,[],[]
168,"T
tobiasoverme",tobiasoverme-seq20,Low,1,QVKLEESGGGSVQTGGSLRLTCAASGRTLDRYFIEWFRQAPGKEREFVSGRRESPSEGGYADSVKGRFTISRDNAKNTVDLQMNSLKPEDTAIYYCAAAQYASRGYVYCIFQITGQGTQVTVSS,FALSE,3,--,--,--,74.20137097,26.68443204,"[""ESM2""]","[""Diversified Binder""]"
169,"T
tobiasoverme",tobiasoverme-seq19,High,3,QVKLEESGGGSVQTGGSLRLTCAASGRSITSYGTNWFRQAPGKEREFVSGIETWSGNTGYADSVKGRFTISRDNAKNTVDLQMNSLKPEDTAIYYCAAASILCGACYARDLNTWGQGTQVTVSS,FALSE,2,--,--,--,74.58185484,28.05588392,"[""ESM2""]","[""Diversified Binder""]"
170,"T
tobiasoverme",tobiasoverme-seq18,High,3,QVKLEESGGGSVQTGGSLRLTCAASGRPFSSYSMAWFRQAPGKEREFVSGVSGGSGYSGYADSVKGRFTISRDNAKNTVDLQMNSLKPEDTAIYYCAAASGSRGISRASGQDRWGQGTQVTVSS,FALSE,2,--,--,--,65.16540323,28.08105598,"[""ESM2""]","[""Diversified Binder""]"
171,joaosartori2,joaosartori2-design1,High,3,QVKLEESGGGSVQTGGSLRLTCAASGVNINSYYIYWFRQAPGKEREFVSYISGSSGNTGYADSVKGRFTISRDNAKNTVDLQMNSLKPEDTAIYYCAARYSSSSSSSSYSVDYWGQGTQVTVSS,FALSE,2,--,--,--,73.56056452,28.08290758,"[""ESM2""]","[""Diversified Binder""]"
172,joaosartori2,joaosartori2-design8,High,3,QVKLEESGGGSVQTGGSLRLTCAASGVNINSYYIYWFRQAPGKEREFVSYISSSSGNTGYADSVKGRFTISRDNAKNTVDLQMNSLKPEDTAIYYCAARYSSSSYYSSYSVDYWGQGTQVTVSS,FALSE,2,--,--,--,71.22169355,28.12727579,"[""ESM2""]","[""Diversified Binder""]"
173,joaosartori2,joaosartori2-design4,High,3,QVKLEESGGGSVQTGGSLRLTCAASGVNINSYYIYWFRQAPGKEREFVSYISGSGSNAGYADSVKGRFTISRDNAKNTVDLQMNSLKPEDTAIYYCAARYSSSSYYSSYSVDYWGQGTQVTVSS,FALSE,2,--,--,--,77.63782258,27.02099469,"[""ESM2""]","[""Optimized Binder""]"
174,joaosartori2,joaosartori2-design5,High,3,QVKLEESGGGSVQTGGSLRLTCAASGVNINSYYIYWFRQAPGKEREFVSYISGSSGNSGYADSVKGRFTISRDNAKNTVDLQMNSLKPEDTAIYYCAARYYSSSYYSSYYVDYWGQGTQVTVSS,FALSE,2,--,--,--,77.55467742,27.56976196,"[""ESM2""]","[""Optimized Binder""]"
175,joaosartori2,joaosartori2-design7,High,3,QVKLEESGGGSVQTGGSLRLTCAASGVNINSYYIYWFRQAPGKEREFVSYISSSSGNTGYADSVKGRFTISRDNAKNTVDLQMNSLKPEDTAIYYCAARYSSSSSSSSYTVDYWGQGTQVTVSS,FALSE,2,--,--,--,78.0858871,27.64802932,"[""ESM2""]","[""Optimized Binder""]"
176,cchallacombe,cchallacombe-diff_1,None,0,AVSLSQSGTTKVKPGESLTITFTYSNLPADAAVSWARENSTDGTVWIGSVTIAPAPQTEVNDAYKDRVTITYDAASKTVTLTITNLTPADTATYYAGVKGWFDDDSISSVTDWSQGVTVTVTAAA,Unknown,2,--,--,--,77.81290323,27.81916355,"[""ESM2""]","[""Optimized Binder""]"
177,cchallacombe,cchallacombe-dock_if3,None,0,AVSITESGEGKVKTGGTLTINCKVSGFSLKDRPVYWYRKNEENGEIFLGVVYADGTTEYAPEYKDRLKITKNDANNVVTLTLTNVTPEDTATYYCGVASSPGGSNLSTWGQGVKVTVTDEP,Unknown,2,--,--,--,76.60258065,27.92147966,"[""ESM2""]","[""Optimized Binder""]"
178,cchallacombe,cchallacombe-it_design1,None,0,QVKLEESGGGSVQTGGSLRLTCAVSGRTSRSYGMGWFRQAPGKEREFVSGISWRGDSTGYADSVKGRFTISRDNAKNTVDLQMNSLKPEDTAIYYCAALFIPINDAFDYWGQGTQVTVSS,Unknown,2,--,--,--,70.116,27.03598306,[],"[""Diversified Binder""]"
179,cchallacombe,cchallacombe-thermo1,None,0,EVQLVESGGGLVQAGGSLRLSCAASGRTFSSYIMGWFRQAPGKEREFVVGINWSSGSTYYADSVKGRFTISRDNAKNTMYLQMNSLKPEDTAVYYCAAGYQINSGNYNFKDYYYDYWGQGTQVTVSS,Unknown,2,--,--,--,73.67454545,27.08026643,[],"[""Diversified Binder""]"
180,cchallacombe,cchallacombe-anti_1,None,0,QVKLEESGGGSVQTGGSLRLTCAASGRTSRSYGMGWFRQAPGKEREFVSGISLNGSNTGYADSVEGRFTISRDNAKNSVSLQMNSLRSEDTAVYYCAAHVGWDYHDVAEYYDYWGQGTQVTV,Unknown,2,--,--,--,72.01608333,27.76578408,[],"[""Diversified Binder""]"
181,brett,brett-egfr_vhh_0006h,None,0,EVQLQERLSCAASGSSFSSYAMNWVRQAPGKGLEWVSAISWSGGSTYYADSVKGRFTISRDNSKNTLYLQMNSLRAEDTAVYYCARARYYYSSYYYGYYDSDSGYDYWGQLVTVTS,Unknown,2,--,--,--,75.63062992,28.16327177,[],"[""Diversified Binder""]"
182,brett,brett-egfr_vhh_0007h,None,0,EVQLQERLSCAASGFILSRYAMNWVRQAPGKGLEWVSAISSSGGSTYYADSVKGRFTISRDNSKNTLYLQMNSLRPEDTAVYYCARSSGGCYYDYYYYTLYQVSYDYWGQLVTVTS,Unknown,3,--,--,--,77.21885246,28.27926804,[],"[""Diversified Binder""]"
183,brett,brett-egfr_vhh_0001h,None,0,EVQLQERLSCAASGFDFSSYAMNWVRQAPGKGLEWVAAISWSGGSTYYADSVKGRFTISRDNSKNTLYLQMNSLRPEDTAVYYCARGYGYGGSRCRCVCWDSTEYDYWGQLVTVTS,Unknown,2,--,--,--,59.13568966,27.10018678,"[""Custom (Generative)""]","[""Diversified Binder""]"
184,brett,brett-egfr_vhh_0005h,None,0,EVQLQERLSCAASGFTFSSYAMNWVRQAPGKGLEWVSAISSSGGSTYYADSVKGRFTISRDNSKNTLYLQMNSLRAEDTAVYYCAKKGYRSYGSSFRFWVTSTSYDYWGQLVTVTS,Unknown,2,--,--,--,59.52318966,27.97902799,"[""Custom (Generative)""]","[""Diversified Binder""]"
185,brett,brett-egfr_vhh_0004h,None,0,EVQLQERLSCAASGSSFSSYAMNWVRQAPGKGLEWVSAISSSGGRTYYADSVKGRFTISRDNSKNTLYLQMNSLRAEDTAVYYCARGGQYRYSGFSCSYSSTSYYDFWGQGVTVTS,Unknown,2,--,--,--,58.63275862,28.02582528,"[""Custom (Generative)""]","[""Diversified Binder""]"
186,colby,"colby-TUPEGFR_003 | anti-EGFR, Fv-like protein, diffused with EvoDiff",Medium,2,GERVTITATVSESIAESNEEYYLHAYQQKPGRSLKLFGYEASSLETAVPSHFSGSGAGTDFNFTMTALFPEDFATYYRQFYNSQFATFGQGTLVFIKGGGGGGGGGGVGERVTITATVSESIAESNEEYYLHAYQQKPGRSLKLFGYEASSLETAVPSHFSGSGAGTDFNFTMTALFPEDFATYYRQFYNSQFATFGQGT,FALSE,3,--,--,--,57.33939655,28.07274155,"[""Custom (Generative)""]","[""Diversified Binder""]"
187,colby,"colby-TUPEGFR_013 | anti-EGFR, Fv-like protein, diffused with EvoDiff",Medium,2,AMRTTITCRTAESPDINNGITDTTWSQQKPGKSAQLLIYYSKVLANDVTSRFSGSGIGTEFTQRKNTKEAEEFAIFFCDYYNETDNTYNNGTKLEISGGGGGGGGGGFAMRTTITCRTAESPDINNGITDTTWSQQKPGKSAQLLIYYSKVLANDVTSRFSGSGIGTEFTQRKNTKEAEEFAIFFCDYYNETDNTYNNGT,FALSE,3,--,--,--,58.06698276,28.14572228,"[""Custom (Generative)""]","[""Diversified Binder""]"
188,colby,"colby-TUPEGFR_017 | anti-EGFR, Fv-like protein, diffused with ESM3",None,0,SQSLSITCTVSGFDLTSYMSWVRQSPGKGLEWLGAIWWDGTTQYNPSLKTRLSINKDNSKSQVFFKMNSLQSNDTAIYYCARDAGGYDHPYMDHWGQGGGGGGGGGGPGERVSFSCRASQSVVASSYLAWYQQRTNGSPRLLIKGASSLESGIPSRFSGSGSGTDFTLSINSVESEDIADYYCQQSTDSPPTFGAGTKLE,Unknown,3,--,--,--,38.88985,27.42110326,[],"[""De Novo"", ""ColabFold"", ""ColabDesign""]"
189,colby,"colby-TUPEGFR_010 | anti-EGFR, Fv-like protein, diffused with EvoDiff",Medium,2,GESTHLTCQASDDISPAHGINYLNWHEKKPGLALDLFIYDGSNLETGAKSRFTSANSGTDFTFTMSSLEPEDAAVYYFEFFDEVPFTFGGGTKAEISGGGGGGGGGGTGESTHLTCQASDDISPAHGINYLNWHEKKPGLALDLFIYDGSNLETGAKSRFTSANSGTDFTFTMSSLEPEDAAVYYFEFFDEVPFTFGGGT,FALSE,2,--,--,--,42.66295,28.28715688,[],"[""De Novo"", ""ColabFold"", ""ColabDesign""]"
190,colby,"colby-TUPEGFR_018 | anti-EGFR, Fv-like protein, diffused with ESM3",None,0,SQSLSITCTVSGFDLTSYGVHWVRQSPGKGLEWLGVIWSDGSTDYNPSLKSRLSINKDNSKSQVFFKMNSLQSNDTAIYYCARDGGGYGSFDYWGQGTLGGGGGGGGGGPGERVSFSCRASQSVGSYLAWYQQRTNGSPRLLIKAASTLESGIPSRFSGSGSGTDFTLSINSVESEDIADYYCQQYSNIPPLTFGAGTKL,Unknown,2,--,--,--,64.18995,28.30264553,[],"[""De Novo"", ""ColabFold"", ""ColabDesign""]"
191,tim,tim-silica_corpora_sampled_epitope_0_generated_variant_7_rank_4,High,3,EVQLVESGGGLVQPGGSLRLSCAASGFTSSNNPMGWFRQAPGKGRELVAAISQSGASTNYPDSVEGRFTISRDNAKRMVYLQMNSLRAEDTAVYYCAAAGVRATDDCFDVTSTTYDYWGQGTQVTVSS,FALSE,2,--,--,--,46.10125,28.37857959,[],"[""De Novo"", ""ColabFold"", ""ColabDesign""]"
192,tim,tim-silica_corpora_sampled_epitope_1_generated_variant_17_rank_6,None,0,QVQLVESGGGLVKPGGSLRLSCAASGFTSSSYAAAWFRQAPGKEREFVSAIWWGKTATYADSVKGRFTISRDNAKNSLYLQMNSLRAEDTAVYYCAAVFRGANYDGGYEYDYWGQGTLVTVSS,Unknown,2,--,--,--,59.76645,28.58982448,[],"[""De Novo"", ""ColabFold"", ""ColabDesign""]"
193,tim,tim-silica_corpora_sampled_epitope_6_generated_variant_18_rank_10,None,0,QVQLVESGGGLVKPGGSLRLSCAASGGTSSSYAAAWFRQAPGKEREFVSAISSGKTATYADSVKGRFTISRDNAKNSLYLQMNSLRAEDTAVYYCAAVFRTLLYGTLYEYDYWGQGTLVTVSS,Unknown,2,--,--,--,72.96398438,28.06319237,"[""Custom (Generative)""]","[""De Novo""]"
194,tim,tim-silica_corpora_sampled_epitope_0_generated_variant_10_rank_8,Medium,2,EVQLLESGGGEVQPGGSLRLSCAASGSTFSNYGMGWFRQAPGKEREFVSAISWSGDTVYYAESVKGRFTISRDNAKNTLYLQMSSLRAEDTAVYYCAVTIRAETSYSEEYDYWGQGTLVTVKPG,FALSE,2,--,--,--,72.93886179,28.26461497,"[""Custom (Generative)""]","[""De Novo""]"
195,tim,tim-silica_corpora_sampled_epitope_1_generated_variant_15_rank_3,Low,1,QVQLVESGGGLVKPGGSLRLSCAASGSTSSNYAAAWFRQAPGKEREFVSAISWGKTATYADSVKGRFTISRDNAKNSLYLQMNSLRAEDTAVYYCAAVFRIGTWDASYEYDYWGQGTLVTVSS,FALSE,2,--,--,--,70.98926829,28.28921527,"[""Custom (Generative)""]","[""De Novo""]"
196,ahmedsameh,ahmedsameh-y4,None,0,QVQLQESGGGLVQPGGSLRLSCAASGRTFSSYAMGWFRQAPGKQREFVAAIRWSGGYTYYTDSVKGRFTISRDNAKTTVYLQMNSLKPEDTAVYYCAATYLSSDYSRYALPQRPLDYDYWGQGTQVTVSSLE,Unknown,4,--,--,--,74.95596774,28.30561477,"[""Custom (Generative)""]","[""De Novo""]"
197,ahmedsameh,ahmedsameh-y6,None,0,QVQLQESGGGLVQPGGSLRLSCAASGRTFSSYAMGWFRQAPGKQREFVAAIRWSGGYTYYTDSVKGRFTISRDNAKTTVYLQMNSLKPEDTAVYYCAATYLSSDYSHYALPQRPLDYDYWGQGTQVTVSSLE,Unknown,3,--,--,--,74.06569106,28.32715225,"[""Custom (Generative)""]","[""De Novo""]"
198,ahmedsameh,ahmedsameh-s3,Low,1,QVQLQESGGGLVQPGGSLRLSCAASGRTFSSYAMGWFRQAPGKQREFVAAIRWSGGYTYYTDSVKGRFTISRDNAKTTVYLQMNSLKPEDTAVYYCAATYLRSDYSRYALPQRPLDYDYWGQGTQVTVSSLE,FALSE,2,--,--,--,77.78424242,28.17899411,"[""Rosetta""]","[""Physics Based""]"
199,akshaychenna,akshayc-10_run_3_1002_dldesign_0_cycle1_af2pred,None,0,GTSESLAKLQFIKDLAAALAPLDKKREEAEKKLYEEIKKLVPEGAEEVYEEILRYADKVYTAASDAAYLKASGGDAAAEEAYLKKLIEEEVKKLEKKYGPEVAKLAREYMEVMAELGYQAGLLAYQLEKS,Unknown,3,--,--,--,77.75325758,28.20835865,"[""Rosetta""]","[""Physics Based""]"
200,,akshayc-9_run_3_1002_dldesign_0_cycle1_af2pred,Low,1,GISESLAMLEFLKKLAEALAPLTKIEEEAEKELKEKIKELVPEGSEEVYEEILRDADKVRTAASDAASLEAEGGDYKAEQDYLDTLKAESIKKIEEKYGKEVADLAKKYFDIKAKIGYEEGKIAVELEKK,FALSE,3,,,,77.45689394,28.24695561,"[""Rosetta""]","[""Physics Based""]"
201,,deepsatlow-design:0 n:0|mpnn:1.164|plddt:0.823|i_ptm:0.756|i_pae:15.687|rmsd:2.555,high,3,SLKEKEEKLIEELEEELKKIKEEYEKKIKEYLEEGNIEKAEKLKEELKKIRKEKGDELIKELLQLHLET,FALSE,2,,,,56.37043478,21.55856018,[],[]